{"schemaVersion":"1.0","appDefinitionTemplate":{"id":"/providers/Microsoft.PowerApps/apps/","type":"Microsoft.PowerApps/apps","tags":{"primaryDeviceWidth":"1366","primaryDeviceHeight":"768","supportsPortrait":"true","supportsLandscape":"true","primaryFormFactor":"Tablet","publisherVersion":"3.22114.18","minimumRequiredApiVersion":"2.2.0","hasComponent":"false","hasUnlockedComponent":"false","isUnifiedRootApp":"false","sienaVersion":"20221212T121025Z-3.22114.18.0"},"properties":{"appVersion":"2022-12-12T12:10:25Z","lifeCycleId":"Published","createdByClientVersion":{"major":3,"minor":22114,"build":18,"revision":0,"majorRevision":0,"minorRevision":0},"minClientVersion":{"major":3,"minor":22114,"build":18,"revision":0,"majorRevision":0,"minorRevision":0},"backgroundColor":"RGBA(0,176,240,1)","backgroundImageUri":"/15901439797905607316/N73c65911-f5e1-4c57-bd83-af7352bde26c-logoSmallFile","displayName":"conference-room-reservation-table","description":"","commitMessage":"","appUris":{"documentUri":{"value":"/15901439797905607316/N0b622744-48de-46e5-b09c-8aca08495b36-document.msapp"},"imageUris":[],"additionalUris":[]},"createdTime":"0001-01-01T00:00:00Z","lastModifiedTime":"0001-01-01T00:00:00Z","sharedGroupsCount":0,"sharedUsersCount":0,"icons":{"smallIconUri":"/15901439797905607316/N27e07d10-6b41-4203-955e-b9b74c6bca3b-small.png","mediumIconUri":"/15901439797905607316/N869de817-610c-4fb8-9109-e26e98a78107-medium.png","largeIconUri":"/15901439797905607316/N68b58041-2eb4-457f-9270-dbf15ee55d92-large.png","wideIconUri":"/15901439797905607316/N22e0c542-f1c6-4b17-88c2-b8eadea5327b-wide.png"},"connectionReferences":{"3b665158-09ae-474d-8ed7-9886a2ee5c92":{"id":"01f88e03-ea3a-4ed9-82d0-2e3b3acbdf21","displayName":"Office 365 Outlook","iconUri":"https://connectoricons-prod.azureedge.net/releases/v1.0.1611/1.0.1611.3104/office365/icon.png","dataSources":["Office365Outlook"],"dependencies":[],"dependents":[],"parameterHints":{},"parameterHintsV2":{},"isOnPremiseConnection":false,"bypassConsent":false,"dataSets":{},"apiTier":"Standard","isCustomApiConnection":false,"actions":["GetRooms_V2","FindMeetingTimes"]},"e1b90505-0268-42e6-950e-9bdc94d54267":{"id":"5e64ae67-3b02-44a5-ac4f-4275169d4fb1","displayName":"Office 365 ユーザー","iconUri":"https://connectoricons-prod.azureedge.net/releases/v1.0.1611/1.0.1611.3104/office365users/icon.png","dataSources":["Office365ユーザー"],"dependencies":[],"dependents":[],"parameterHints":{},"parameterHintsV2":{},"isOnPremiseConnection":false,"bypassConsent":false,"dataSets":{},"apiTier":"Standard","isCustomApiConnection":false}},"databaseReferences":{},"almMode":"Environment","performanceOptimizationEnabled":true,"canConsumeAppPass":true,"enableModernRuntimeMode":false,"executionRestrictions":{"isTeamsOnly":false,"dataLossPreventionEvaluationResult":{"status":"Compliant","lastEvaluationDate":"2022-12-12T10:31:13.3479063Z","violations":[],"violationsByPolicy":[],"violationErrorMessage":"このアプリでは、次のコネクタが使用されます: shared_office365, shared_office365users。"}}},"appType":"ClassicCanvasApp","appComponents":[]}}